Employee_Name,EmpID,MarriedID,MaritalStatusID,GenderID,Salary,Termd,PositionID,Position,DOB,Sex,MaritalDesc,CitizenDesc,HispanicLatino,RaceDesc,DateofHire,DateofTermination,TermReason,EmploymentStatus,Department,ManagerName,ManagerID,RecruitmentSource,PerformanceScore,EngagementSurvey,EmpSatisfaction,SpecialProjectsCount,LastPerformanceReview_Date,DaysLateLast30,Absences
"Beak, Kimberly  ",10023,1,1,0,70131,0,20,Production Technician II,04/17/67,F,Married,US Citizen,No,White,7/21/2016,,N/A-StillEmployed,Active,Production       ,Kelley Spirea,18,Employee Referral,Exceeds,4.4,3,0,1/14/2019,0,16
"Beatrice, Courtney ",10055,0,0,0,59026,0,19,Production Technician I,10/27/70,F,Single,Eligible NonCitizen,No,White,04-04-2011,,N/A-StillEmployed,Active,Production       ,Elijiah Gray,16,Google Search,Fully Meets,5,5,0,1/14/2019,0,12
"Becker, Renee",10245,0,0,0,110000,1,8,Database Administrator,04-04-1986,F,Single,US Citizen,Yes,White,07-07-2014,09-12-2015,performance,Terminated for Cause,IT/IS,Simon Roup,4,Google Search,Fully Meets,4.5,4,5,1/15/2015,0,8
"Becker, Scott",10277,0,0,1,53250,0,19,Production Technician I,04-06-1979,M ,Single,US Citizen,No,Asian,07-08-2013,,N/A-StillEmployed,Active,Production       ,Webster Butler,,LinkedIn,Fully Meets,4.2,4,0,01-11-2019,0,13
"Bernstein, Sean",10046,0,0,1,51044,0,19,Production Technician I,12/22/70,M ,Single,US Citizen,Yes,White,04-02-2012,,N/A-StillEmployed,Active,Production       ,Amy Dunn,11,Google Search,Fully Meets,5,3,0,1/14/2019,0,13
"Biden, Lowan  M",10226,0,2,0,64919,0,19,Production Technician I,12/27/58,F,Divorced,US Citizen,No,Asian,8/19/2013,,N/A-StillEmployed,Active,Production       ,Ketsia Liebig,19,Indeed,Fully Meets,4.2,3,0,01-10-2019,0,2
"Billis, Helen",10003,1,1,0,62910,0,19,Production Technician I,09-01-1989,F,Married,US Citizen,No,White,07-07-2014,,N/A-StillEmployed,Active,Production       ,Brannon Miller,12,Indeed,Exceeds,5,3,0,2/27/2019,0,19
"Blount, Dianna",10294,0,0,0,66441,0,20,Production Technician II,09/21/90,F,Single,US Citizen,No,White,04-04-2011,,N/A-StillEmployed,Active,Production       ,Michael Albert,22,CareerBuilder,Needs Improvement,2,3,0,2/27/2019,2,3
"Bondwell, Betsy",10267,0,0,0,57815,1,20,Production Technician II,01/16/67,F,Single,US Citizen,No,White,01-10-2011,04-04-2014,career change,Voluntarily Terminated,Production       ,Elijiah Gray,16,Google Search,Fully Meets,4.8,5,0,03-04-2014,0,5
"Booth, Frank",10199,0,0,1,103613,1,30,Enterprise Architect,07/30/64,M ,Single,US Citizen,No,Black or African American,2/17/2014,2/19/2016,Learned that he is a gangster,Terminated for Cause,IT/IS,Simon Roup,4,LinkedIn,Fully Meets,3.5,5,7,01-10-2016,0,2
"Boutwell, Bonalyn",10081,1,1,0,106367,0,26,Sr. Accountant,04-04-1987,F,Married,US Citizen,No,Black or African American,2/16/2015,,N/A-StillEmployed,Active,Admin Offices,Brandon R. LeBlanc,3,Diversity Job Fair,Fully Meets,5,4,3,2/18/2019,0,4
"Bozzi, Charles",10175,0,0,1,74312,1,18,Production Manager,03-10-1970,M ,Single,US Citizen,No,Asian,9/30/2013,08-07-2014,retiring,Voluntarily Terminated,Production       ,Janet King,2,Indeed,Fully Meets,3.39,3,0,2/20/2014,0,14
"Brill, Donna",10177,1,1,0,53492,1,19,Production Technician I,08/24/90,F,Married,US Citizen,No,White,04-02-2012,6/15/2013,Another position,Voluntarily Terminated,Production       ,David Stanley,14,Google Search,Fully Meets,3.35,4,0,03-04-2013,0,6
"Brown, Mia",10238,1,1,0,63000,0,1,Accountant I,11/24/87,F,Married,US Citizen,No,Black or African American,10/27/2008,,N/A-StillEmployed,Active,Admin Offices,Brandon R. LeBlanc,1,Diversity Job Fair,Fully Meets,4.5,2,6,1/15/2019,0,14
"Buccheri, Joseph  ",10184,0,0,1,65288,0,20,Production Technician II,07/28/83,M ,Single,US Citizen,No,White,9/29/2014,,N/A-StillEmployed,Active,Production       ,Webster Butler,,Google Search,Fully Meets,3.19,3,0,02-01-2019,0,9
"Bugali, Josephine ",10203,0,3,0,64375,0,19,Production Technician I,10/30/69,F,Separated,US Citizen,No,Black or African American,11-11-2013,,N/A-StillEmployed,Active,Production       ,Kissy Sullivan,20,Diversity Job Fair,Fully Meets,3.5,5,0,1/21/2019,0,17
"Bunbury, Jessica",10188,1,1,0,74326,1,3,Area Sales Manager,06-01-1964,F,Married,Eligible NonCitizen,No,Black or African American,8/15/2011,08-02-2014,Another position,Voluntarily Terminated,Sales,John Smith,17,Google Search,Fully Meets,3.14,5,0,02-10-2013,1,19
"Burke, Joelle",10107,0,0,0,63763,0,20,Production Technician II,03-02-1980,F,Single,US Citizen,No,Black or African American,03-05-2012,,N/A-StillEmployed,Active,Production       ,Amy Dunn,11,Employee Referral,Fully Meets,4.51,4,0,2/21/2019,0,3
"Burkett, Benjamin ",10181,1,1,1,62162,0,20,Production Technician II,08/19/77,M ,Married,US Citizen,No,White,04-04-2011,,N/A-StillEmployed,Active,Production       ,Ketsia Liebig,19,Indeed,Fully Meets,3.25,5,0,1/14/2019,0,15
"Cady, Max ",10150,0,0,1,77692,0,25,Software Engineering Manager,11/22/66,M ,Single,US Citizen,No,White,8/15/2011,,N/A-StillEmployed,Active,Software Engineering,Jennifer Zamora,5,Google Search,Fully Meets,3.84,3,5,1/21/2019,0,4
"Candie, Calvin",10001,0,0,1,72640,0,18,Production Manager,08-09-1983,M ,Single,US Citizen,No,White,1/28/2016,,N/A-StillEmployed,Active,Production       ,Janet King,2,Indeed,Exceeds,5,3,0,2/22/2019,0,14
"Carabbio, Judith",10085,0,0,0,93396,0,24,Software Engineer,04-05-1987,F,Single,US Citizen,No,White,11-11-2013,,N/A-StillEmployed,Active,Software Engineering,Alex Sweetwater,10,Indeed,Fully Meets,4.96,4,6,1/30/2019,0,3
"Carey, Michael  ",10115,0,0,1,52846,0,19,Production Technician I,02-02-1983,M ,Single,US Citizen,No,Black or African American,3/31/2014,,N/A-StillEmployed,Active,Production       ,Kelley Spirea,18,LinkedIn,Fully Meets,4.43,3,0,02-01-2019,0,14
"Carr, Claudia  N",10082,0,0,0,100031,0,27,Sr. DBA,06-06-1986,F,Single,US Citizen,No,Black or African American,6/30/2016,,N/A-StillEmployed,Active,IT/IS,Simon Roup,4,LinkedIn,Fully Meets,5,5,6,2/18/2019,0,7
"Carter, Michelle ",10040,0,0,0,71860,0,3,Area Sales Manager,05/15/63,F,Single,US Citizen,No,White,8/18/2014,,N/A-StillEmployed,Active,Sales,John Smith,17,Indeed,Fully Meets,5,5,0,1/21/2019,0,7
"Chace, Beatrice ",10067,0,0,0,61656,0,19,Production Technician I,01-02-1951,F,Single,US Citizen,No,White,9/29/2014,,N/A-StillEmployed,Active,Production       ,Michael Albert,22,Google Search,Fully Meets,5,4,0,02-12-2019,0,11
"Champaigne, Brian",10108,1,1,1,110929,0,5,BI Director,02-09-1972,M ,Married,US Citizen,No,White,09-06-2016,,N/A-StillEmployed,Active,IT/IS,Jennifer Zamora,5,Indeed,Fully Meets,4.5,5,7,1/15/2019,0,8
"Chan, Lin",10210,0,0,0,54237,0,19,Production Technician I,02-12-1979,F,Single,US Citizen,No,White,05-12-2014,,N/A-StillEmployed,Active,Production       ,Elijiah Gray,16,Indeed,Fully Meets,3.3,4,0,2/19/2019,0,11
"Chang, Donovan  E",10154,0,0,1,60380,0,19,Production Technician I,08/24/83,M ,Single,US Citizen,No,White,07-08-2013,,N/A-StillEmployed,Active,Production       ,Webster Butler,,LinkedIn,Fully Meets,3.8,5,0,1/14/2019,0,4
"Chigurh, Anton",10200,0,0,1,66808,0,3,Area Sales Manager,06-11-1970,M ,Single,Eligible NonCitizen,No,Black or African American,5/14/2012,,N/A-StillEmployed,Active,Sales,Lynn Daneault,21,Employee Referral,Fully Meets,3,5,0,1/19/2019,0,17
"Chivukula, Enola",10240,0,0,0,64786,1,19,Production Technician I,08/27/83,F,Single,US Citizen,No,White,6/27/2011,11/15/2015,relocation out of area,Voluntarily Terminated,Production       ,Amy Dunn,11,Indeed,Fully Meets,4.3,4,0,03-10-2015,0,3
"Cierpiszewski, Caroline  ",10168,0,0,0,64816,0,19,Production Technician I,05/31/88,F,Single,Non-Citizen,No,Black or African American,10-03-2011,,N/A-StillEmployed,Active,Production       ,Ketsia Liebig,19,Indeed,Fully Meets,3.58,5,0,1/30/2019,0,3
"Clayton, Rick",10220,0,0,1,68678,0,14,IT Support,09-05-1985,M ,Single,US Citizen,No,White,09-05-2012,,N/A-StillEmployed,Active,IT/IS,Eric Dougall,6,Indeed,Fully Meets,4.7,3,6,2/27/2019,0,2
"Cloninger, Jennifer",10275,1,1,0,64066,1,20,Production Technician II,08/31/81,F,Married,US Citizen,No,White,5/16/2011,01-07-2013,unhappy,Voluntarily Terminated,Production       ,Brannon Miller,12,Google Search,Fully Meets,4.2,5,0,05-03-2012,0,9
"Close, Phil",10269,1,1,1,59369,1,20,Production Technician II,11/25/78,M ,Married,US Citizen,No,White,8/30/2010,9/26/2011,career change,Voluntarily Terminated,Production       ,David Stanley,14,Indeed,Fully Meets,4.2,4,0,05-04-2011,0,6
"Clukey, Elijian",10029,1,1,1,50373,0,19,Production Technician I,08/26/80,M ,Married,US Citizen,No,White,07-06-2016,,N/A-StillEmployed,Active,Production       ,Brannon Miller,12,Employee Referral,Exceeds,4.1,4,0,2/28/2019,0,5
"Cockel, James",10261,0,0,1,63108,0,19,Production Technician I,09-08-1977,M ,Single,US Citizen,No,White,07-08-2013,,N/A-StillEmployed,Active,Production       ,David Stanley,14,Employee Referral,Fully Meets,4.4,5,0,1/14/2019,0,3
"Cole, Spencer",10292,0,0,1,59144,1,19,Production Technician I,08-12-1979,M ,Single,US Citizen,No,Black or African American,07-11-2011,9/23/2016,performance,Terminated for Cause,Production       ,Kissy Sullivan,20,LinkedIn,Needs Improvement,2,3,0,05-01-2016,5,16
"Corleone, Michael",10282,0,2,1,68051,0,18,Production Manager,12/17/75,M ,Divorced,US Citizen,No,White,7/20/2010,,N/A-StillEmployed,Active,Production       ,Janet King,2,CareerBuilder,Needs Improvement,4.13,2,0,1/14/2019,3,3
"Corleone, Vito",10019,0,0,1,170500,0,10,Director of Operations,03/19/83,M ,Single,US Citizen,No,Black or African American,01-05-2009,,N/A-StillEmployed,Active,Production       ,Janet King,2,Indeed,Exceeds,3.7,5,0,02-04-2019,0,15
"Cornett, Lisa ",10094,1,1,0,63381,0,19,Production Technician I,03/31/77,F,Married,US Citizen,Yes,White,01-05-2015,,N/A-StillEmployed,Active,Production       ,Kelley Spirea,18,Indeed,Fully Meets,4.73,5,0,2/14/2019,0,6
"Costello, Frank",10193,1,1,1,83552,0,9,Data Analyst,08/26/86,M ,Married,US Citizen,No,White,3/30/2015,,N/A-StillEmployed,Active,IT/IS,Simon Roup,4,Indeed,Fully Meets,3.04,3,6,1/22/2019,0,2
"Crimmings,   Jean",10132,0,0,0,56149,0,19,Production Technician I,04-10-1987,F,Single,US Citizen,No,White,07-06-2016,,N/A-StillEmployed,Active,Production       ,Michael Albert,22,LinkedIn,Fully Meets,4.12,5,0,1/28/2019,0,15
"Cross, Noah",10083,0,0,1,92329,0,28,Sr. Network Engineer,09-09-1965,M ,Single,US Citizen,No,White,11-10-2014,,N/A-StillEmployed,Active,IT/IS,Peter Monroe,7,Employee Referral,Fully Meets,5,3,4,01-02-2019,0,5
"Daneault, Lynn",10099,0,0,0,65729,0,21,Sales Manager,04/19/90,F,Single,US Citizen,No,White,05-05-2014,,N/A-StillEmployed,Active,Sales,Debra Houlihan,15,Indeed,Fully Meets,4.62,4,0,1/24/2019,0,8
"Daniele, Ann  ",10212,1,1,0,85028,0,28,Sr. Network Engineer,01/18/52,F,Married,US Citizen,No,White,11-10-2014,,N/A-StillEmployed,Active,IT/IS,Peter Monroe,7,LinkedIn,Fully Meets,3.1,5,8,02-12-2019,0,19
"Darson, Jene'ya ",10056,1,1,0,57583,0,19,Production Technician I,11-05-1978,F,Married,US Citizen,No,White,07-02-2012,,N/A-StillEmployed,Active,Production       ,Elijiah Gray,16,Indeed,Fully Meets,5,3,0,2/25/2019,0,1
"Davis, Daniel",10143,0,0,1,56294,0,20,Production Technician II,09/14/79,M ,Single,Eligible NonCitizen,No,Two or more races,11-07-2011,,N/A-StillEmployed,Active,Production       ,Kissy Sullivan,20,LinkedIn,Fully Meets,3.96,4,0,2/27/2019,0,6
"Dee, Randy",10311,1,1,1,56991,0,19,Production Technician I,04/15/88,M ,Married,US Citizen,No,White,07-09-2018,,N/A-StillEmployed,Active,Production       ,Brannon Miller,12,Indeed,Fully Meets,4.3,4,3,1/31/2019,2,2
"DeGweck,  James",10070,1,1,1,55722,1,19,Production Technician I,10/31/77,M ,Married,US Citizen,No,White,5/16/2011,06-08-2016,unhappy,Voluntarily Terminated,Production       ,Webster Butler,39,Indeed,Fully Meets,5,4,0,04-02-2016,0,14
"Del Bosque, Keyla",10155,0,0,0,101199,0,24,Software Engineer,07-05-1979,F,Single,US Citizen,No,Black or African American,01-09-2012,,N/A-StillEmployed,Active,Software Engineering,Alex Sweetwater,10,CareerBuilder,Fully Meets,3.79,5,5,1/25/2019,0,8
"Delarge, Alex",10306,0,0,1,61568,0,3,Area Sales Manager,11-02-1975,M ,Single,US Citizen,No,Two or more races,9/29/2014,,N/A-StillEmployed,Active,Sales,John Smith,17,Indeed,PIP,1.93,3,0,1/30/2019,6,5
"Demita, Carla",10100,0,3,0,58275,1,20,Production Technician II,02/25/51,F,Separated,US Citizen,No,Black or African American,04-04-2011,11-04-2015,more money,Voluntarily Terminated,Production       ,Kelley Spirea,18,Google Search,Fully Meets,4.62,5,0,05-06-2015,0,1
"Desimone, Carl ",10310,1,1,1,53189,0,19,Production Technician I,04/19/67,M ,Married,US Citizen,No,White,07-07-2014,,N/A-StillEmployed,Active,Production       ,Amy Dunn,11,Indeed,PIP,1.12,2,0,1/31/2019,4,9
"DeVito, Tommy",10197,0,0,1,96820,0,4,BI Developer,09-04-1983,M ,Single,US Citizen,No,White,2/15/2017,,N/A-StillEmployed,Active,IT/IS,Brian Champaigne,13,Indeed,Fully Meets,3.01,5,7,1/23/2019,0,15
"Dickinson, Geoff ",10276,0,0,1,51259,0,19,Production Technician I,11/15/82,M ,Single,US Citizen,No,White,05-12-2014,,N/A-StillEmployed,Active,Production       ,Ketsia Liebig,19,Indeed,Fully Meets,4.3,4,0,2/19/2019,0,1
"Dietrich, Jenna  ",10304,0,0,0,59231,0,3,Area Sales Manager,05/14/87,F,Single,US Citizen,Yes,White,2/20/2012,,N/A-StillEmployed,Active,Sales,John Smith,17,Website,PIP,2.3,1,0,1/29/2019,2,17
"DiNocco, Lily ",10284,1,1,0,61584,0,19,Production Technician I,12-02-1978,F,Married,US Citizen,No,Black or African American,01-07-2013,,N/A-StillEmployed,Active,Production       ,Brannon Miller,12,Indeed,Needs Improvement,3.88,4,0,1/18/2019,0,6
"Dobrin, Denisa  S",10207,0,0,0,46335,0,19,Production Technician I,10-07-1986,F,Single,US Citizen,Yes,White,04-02-2012,,N/A-StillEmployed,Active,Production       ,David Stanley,14,CareerBuilder,Fully Meets,3.4,5,0,2/19/2019,0,15
"Dolan, Linda",10133,1,1,0,70621,0,14,IT Support,07/18/88,F,Married,US Citizen,No,White,01-05-2015,,N/A-StillEmployed,Active,IT/IS,Peter Monroe,7,Employee Referral,Fully Meets,4.11,4,6,2/25/2019,0,16
"Dougall, Eric",10028,0,0,1,138888,0,13,IT Manager - Support,07-09-1970,M ,Single,US Citizen,No,Black or African American,01-05-2014,,N/A-StillEmployed,Active,IT/IS,Jennifer Zamora,5,Indeed,Exceeds,4.3,5,5,01-04-2019,0,4
"Driver, Elle",10006,0,0,0,74241,0,3,Area Sales Manager,11-08-1988,F,Single,US Citizen,No,White,01-10-2011,,N/A-StillEmployed,Active,Sales,Lynn Daneault,21,Indeed,Exceeds,4.77,5,0,1/27/2019,0,14
"Dunn, Amy  ",10105,0,0,0,75188,0,18,Production Manager,11/28/73,F,Single,US Citizen,No,White,9/18/2014,,N/A-StillEmployed,Active,Production       ,Janet King,2,Google Search,Fully Meets,4.52,4,0,1/15/2019,0,4
"Dunne, Amy",10211,1,1,0,62514,0,19,Production Technician I,09/23/73,F,Married,US Citizen,No,White,4/26/2010,,N/A-StillEmployed,Active,Production       ,Ketsia Liebig,19,Google Search,Fully Meets,2.9,3,0,1/21/2019,0,6
"Eaton, Marianne",10064,1,1,0,60070,1,19,Production Technician I,09-05-1991,F,Married,US Citizen,No,White,04-04-2011,06-06-2017,military,Voluntarily Terminated,Production       ,Kissy Sullivan,20,Google Search,Fully Meets,5,3,0,04-09-2017,0,7
"Engdahl, Jean",10247,0,0,1,48888,0,19,Production Technician I,05/31/74,M ,Single,US Citizen,No,White,11-10-2014,,N/A-StillEmployed,Active,Production       ,Kelley Spirea,18,LinkedIn,Fully Meets,4.7,5,0,2/13/2019,0,8
"England, Rex",10235,1,1,1,54285,0,19,Production Technician I,08/25/78,M ,Married,US Citizen,No,White,3/31/2014,,N/A-StillEmployed,Active,Production       ,Kelley Spirea,18,Employee Referral,Fully Meets,4.2,3,0,01-11-2019,0,3
"Erilus, Angela",10299,0,3,0,56847,0,20,Production Technician II,08/25/89,F,Separated,US Citizen,No,White,07-07-2014,,N/A-StillEmployed,Active,Production       ,Michael Albert,22,Indeed,PIP,3,1,0,2/25/2019,2,5
"Estremera, Miguel",10280,0,0,1,60340,1,19,Production Technician I,09-02-1983,M ,Single,US Citizen,No,White,04-02-2012,9/27/2018,attendance,Terminated for Cause,Production       ,Michael Albert,22,Google Search,Needs Improvement,5,4,0,04-12-2018,5,16
"Evensen, April",10296,0,0,0,59124,1,19,Production Technician I,05-06-1989,F,Single,US Citizen,No,White,2/17/2014,2/25/2018,"no-call, no-show",Terminated for Cause,Production       ,Elijiah Gray,16,Google Search,Needs Improvement,2.3,3,0,1/15/2017,5,19
"Exantus, Susan",10290,1,1,0,99280,1,24,Software Engineer,05/15/87,F,Married,US Citizen,No,Black or African American,05-02-2011,06-05-2013,attendance,Terminated for Cause,Software Engineering,Alex Sweetwater,10,Indeed,Needs Improvement,2.1,5,4,08-10-2012,4,19
"Faller, Megan ",10263,1,1,0,71776,0,20,Production Technician II,09/22/78,F,Married,US Citizen,No,Black or African American,07-07-2014,,N/A-StillEmployed,Active,Production       ,Elijiah Gray,16,LinkedIn,Fully Meets,4.4,5,0,2/22/2019,0,17
"Fancett, Nicole",10136,0,0,0,65902,0,20,Production Technician II,09/27/87,F,Single,US Citizen,No,Black or African American,2/17/2014,,N/A-StillEmployed,Active,Production       ,Webster Butler,,LinkedIn,Fully Meets,4,4,0,01-07-2019,0,7
"Ferguson, Susan",10189,1,1,0,57748,1,19,Production Technician I,04/14/55,F,Married,US Citizen,No,White,11-07-2011,5/17/2016,military,Voluntarily Terminated,Production       ,Webster Butler,39,Google Search,Fully Meets,3.13,3,0,02-04-2016,0,16
"Fernandes, Nilson  ",10308,1,1,1,64057,0,19,Production Technician I,10/18/89,M ,Married,US Citizen,No,White,05-11-2015,,N/A-StillEmployed,Active,Production       ,Amy Dunn,11,Indeed,PIP,1.56,5,0,01-03-2019,6,15
"Fett, Boba",10309,0,0,1,53366,0,15,Network Engineer,06/18/87,M ,Single,US Citizen,No,White,3/30/2015,,N/A-StillEmployed,Active,IT/IS,Peter Monroe,7,LinkedIn,PIP,1.2,3,6,02-04-2019,3,2
"Fidelia,  Libby",10049,1,1,0,58530,0,19,Production Technician I,03/16/81,F,Married,US Citizen,No,White,01-09-2012,,N/A-StillEmployed,Active,Production       ,Brannon Miller,12,Google Search,Fully Meets,5,5,0,1/29/2019,0,19
"Fitzpatrick, Michael  J",10093,0,0,1,72609,1,20,Production Technician II,10-01-1981,M ,Single,US Citizen,Yes,White,5/16/2011,6/24/2013,hours,Voluntarily Terminated,Production       ,Amy Dunn,11,Google Search,Fully Meets,4.76,5,0,04-05-2013,0,20
"Foreman, Tanya",10163,1,1,0,55965,1,20,Production Technician II,11-08-1983,F,Married,US Citizen,No,White,04-04-2011,01-09-2013,career change,Voluntarily Terminated,Production       ,Ketsia Liebig,19,Google Search,Fully Meets,3.66,3,0,01-07-2012,0,6
"Forrest, Alex",10305,1,1,1,70187,1,3,Area Sales Manager,07-07-1975,M ,Married,US Citizen,No,White,9/29/2014,8/19/2018,Fatal attraction,Terminated for Cause,Sales,Lynn Daneault,21,Employee Referral,PIP,2,5,0,1/28/2019,4,7
"Foss, Jason",10015,0,0,1,178000,0,12,IT Director,07-05-1980,M ,Single,US Citizen,No,Black or African American,4/15/2011,,N/A-StillEmployed,Active,IT/IS,Jennifer Zamora,5,Indeed,Exceeds,5,5,5,01-07-2019,0,15
"Foster-Baker, Amy",10080,1,1,0,99351,0,26,Sr. Accountant,04/16/79,F,Married,US Citizen,no,White,01-05-2009,,N/A-StillEmployed,Active,Admin Offices,Board of Directors,9,Other,Fully Meets,5,3,2,02-08-2019,0,3
"Fraval, Maruk ",10258,0,0,1,67251,0,3,Area Sales Manager,08/28/63,M ,Single,US Citizen,No,Black or African American,09-06-2011,,N/A-StillEmployed,Active,Sales,Lynn Daneault,21,CareerBuilder,Fully Meets,4.3,3,0,1/27/2019,2,7
"Galia, Lisa",10273,0,0,0,65707,0,14,IT Support,07-06-1968,F,Single,US Citizen,No,White,05-01-2010,,N/A-StillEmployed,Active,IT/IS,Eric Dougall,6,LinkedIn,Fully Meets,4.7,4,5,02-01-2019,0,1
"Garcia, Raul",10111,0,0,1,52249,0,19,Production Technician I,09/15/85,M ,Single,US Citizen,Yes,White,3/30/2015,,N/A-StillEmployed,Active,Production       ,David Stanley,14,Employee Referral,Fully Meets,4.5,3,0,2/18/2019,0,5
"Gaul, Barbara",10257,0,0,0,53171,0,19,Production Technician I,12-02-1983,F,Single,US Citizen,Yes,Black or African American,5/16/2011,,N/A-StillEmployed,Active,Production       ,Kelley Spirea,18,LinkedIn,Fully Meets,4.2,4,0,2/26/2019,0,12
"Gentry, Mildred",10159,1,1,0,51337,0,19,Production Technician I,10-01-1990,F,Married,US Citizen,No,Black or African American,3/30/2015,,N/A-StillEmployed,Active,Production       ,Michael Albert,22,LinkedIn,Fully Meets,3.73,3,0,1/16/2019,0,19
"Gerke, Melisa",10122,0,2,0,51505,1,19,Production Technician I,05/15/70,F,Divorced,US Citizen,No,Black or African American,11-07-2011,11/15/2016,hours,Voluntarily Terminated,Production       ,Elijiah Gray,16,Diversity Job Fair,Fully Meets,4.24,4,0,4/29/2016,0,2
"Gill, Whitney  ",10142,0,4,0,59370,1,3,Area Sales Manager,07-10-1971,F,Widowed,US Citizen,No,Black or African American,07-07-2014,09-05-2015,attendance,Terminated for Cause,Sales,John Smith,17,CareerBuilder,Fully Meets,3.97,4,0,1/15/2014,0,7
"Gilles, Alex",10283,1,1,1,54933,1,19,Production Technician I,08-09-1974,M ,Married,US Citizen,No,Black or African American,04-02-2012,6/25/2015,military,Voluntarily Terminated,Production       ,Webster Butler,39,Diversity Job Fair,Needs Improvement,3.97,4,0,1/20/2015,3,15
"Girifalco, Evelyn",10018,0,0,0,57815,0,19,Production Technician I,05-08-1980,F,Single,US Citizen,Yes,Two or more races,9/29/2014,,N/A-StillEmployed,Active,Production       ,Amy Dunn,11,Indeed,Exceeds,3.9,4,0,02-07-2019,0,3
"Givens, Myriam",10255,0,0,0,61555,0,3,Area Sales Manager,09/22/89,F,Single,US Citizen,No,White,2/16/2015,,N/A-StillEmployed,Active,Sales,Lynn Daneault,21,Indeed,Fully Meets,4.5,5,0,1/25/2019,0,20
"Goble, Taisha",10246,0,0,0,114800,1,8,Database Administrator,10/23/71,F,Single,US Citizen,No,White,2/16/2015,3/15/2015,"no-call, no-show",Terminated for Cause,IT/IS,Simon Roup,4,Indeed,Fully Meets,4.6,4,4,1/20/2015,0,10
"Goeth, Amon",10228,1,1,1,74679,0,14,IT Support,11/24/89,M ,Married,US Citizen,Yes,White,3/30/2015,,N/A-StillEmployed,Active,IT/IS,Peter Monroe,7,LinkedIn,Fully Meets,4.3,5,7,01-10-2019,0,20
"Gold, Shenice  ",10243,0,0,0,53018,0,19,Production Technician I,06/18/92,F,Single,US Citizen,Yes,White,11-11-2013,,N/A-StillEmployed,Active,Production       ,Ketsia Liebig,19,Indeed,Fully Meets,4.3,5,0,2/18/2019,0,7
"Gonzalez, Cayo",10031,0,2,1,59892,0,19,Production Technician I,09/29/69,M ,Divorced,US Citizen,No,Black or African American,07-11-2011,,N/A-StillEmployed,Active,Production       ,Brannon Miller,12,Diversity Job Fair,Exceeds,4.5,4,0,2/18/2019,0,1
"Gonzalez, Juan",10300,1,1,1,68898,1,20,Production Technician II,10-12-1964,M ,Married,US Citizen,No,Black or African American,4/26/2010,5/30/2011,career change,Voluntarily Terminated,Production       ,Brannon Miller,12,Diversity Job Fair,PIP,3,3,0,03-06-2011,3,10
"Gonzalez, Maria",10101,0,3,0,61242,0,14,IT Support,04/16/81,F,Separated,US Citizen,Yes,White,01-05-2015,,N/A-StillEmployed,Active,IT/IS,Peter Monroe,7,Employee Referral,Fully Meets,4.61,4,5,1/28/2019,0,11
"Good, Susan",10237,1,1,0,66825,0,20,Production Technician II,05/25/86,F,Married,US Citizen,No,White,05-12-2014,,N/A-StillEmployed,Active,Production       ,David Stanley,14,LinkedIn,Fully Meets,4.6,3,0,02-07-2019,0,20
"Gordon, David",10051,1,1,1,48285,0,19,Production Technician I,05/21/79,M ,Married,US Citizen,No,White,07-02-2012,,N/A-StillEmployed,Active,Production       ,David Stanley,14,LinkedIn,Fully Meets,5,3,0,1/14/2019,0,2
"Gosciminski, Phylicia  ",10218,0,3,0,66149,0,20,Production Technician II,12-08-1983,F,Separated,US Citizen,No,American Indian or Alaska Native,9/30/2013,,N/A-StillEmployed,Active,Production       ,Kissy Sullivan,20,Google Search,Fully Meets,4.4,5,0,2/21/2019,0,1
"Goyal, Roxana",10256,1,1,0,49256,0,19,Production Technician I,10-09-1974,F,Married,US Citizen,No,Asian,8/19/2013,,N/A-StillEmployed,Active,Production       ,Kissy Sullivan,20,LinkedIn,Fully Meets,4.1,5,0,2/15/2019,0,3
"Gray, Elijiah  ",10098,0,2,1,62957,0,18,Production Manager,07-11-1981,M ,Divorced,US Citizen,No,White,06-02-2015,,N/A-StillEmployed,Active,Production       ,Janet King,2,Employee Referral,Fully Meets,4.63,3,0,01-04-2019,0,2
"Gross, Paula",10059,0,2,0,63813,1,19,Production Technician I,05/21/83,F,Divorced,US Citizen,No,White,2/21/2011,01-11-2014,more money,Voluntarily Terminated,Production       ,Kelley Spirea,18,CareerBuilder,Fully Meets,5,5,0,06-03-2013,0,17
"Gruber, Hans",10234,1,1,1,99020,0,4,BI Developer,06/30/89,M ,Married,US Citizen,No,Black or African American,4/20/2017,,N/A-StillEmployed,Active,IT/IS,Brian Champaigne,13,Indeed,Fully Meets,4.2,5,5,1/28/2019,0,8
"Guilianno, Mike",10109,0,0,1,71707,1,3,Area Sales Manager,02-09-1969,M ,Single,US Citizen,No,Two or more races,03-07-2012,10/31/2014,relocation out of area,Voluntarily Terminated,Sales,John Smith,17,LinkedIn,Fully Meets,4.5,5,0,02-01-2013,0,20
"Handschiegl, Joanne",10125,1,1,0,54828,0,19,Production Technician I,03/23/77,F,Married,US Citizen,No,White,11/28/2011,,N/A-StillEmployed,Active,Production       ,Michael Albert,22,Google Search,Fully Meets,4.2,4,0,2/22/2019,0,13
"Hankard, Earnest",10074,0,0,1,64246,0,20,Production Technician II,08-10-1988,M ,Single,US Citizen,Yes,White,11-11-2013,,N/A-StillEmployed,Active,Production       ,Kelley Spirea,18,LinkedIn,Fully Meets,5,3,0,01-08-2019,0,20
"Harrington, Christie ",10097,0,0,0,52177,1,19,Production Technician I,08/18/52,F,Single,US Citizen,No,White,01-09-2012,12/15/2015,retiring,Voluntarily Terminated,Production       ,Webster Butler,39,CareerBuilder,Fully Meets,4.64,4,0,05-02-2015,0,8
"Harrison, Kara",10007,1,1,0,62065,0,19,Production Technician I,05-02-1974,F,Married,US Citizen,No,White,05-12-2014,,N/A-StillEmployed,Active,Production       ,Amy Dunn,11,CareerBuilder,Exceeds,4.76,4,0,2/15/2019,0,5
"Heitzman, Anthony",10129,0,0,1,46998,0,19,Production Technician I,01-04-1984,M ,Single,US Citizen,No,White,8/13/2012,,N/A-StillEmployed,Active,Production       ,Ketsia Liebig,19,Google Search,Fully Meets,4.17,4,0,02-11-2019,0,1
"Hendrickson, Trina",10075,0,0,0,68099,1,20,Production Technician II,08/27/72,F,Single,US Citizen,No,White,01-10-2011,6/18/2013,hours,Voluntarily Terminated,Production       ,Kelley Spirea,18,CareerBuilder,Fully Meets,5,3,0,1/30/2013,0,15
"Hitchcock, Alfred",10167,1,1,1,70545,0,3,Area Sales Manager,09/14/88,M ,Married,US Citizen,No,American Indian or Alaska Native,8/18/2014,,N/A-StillEmployed,Active,Sales,John Smith,17,Indeed,Fully Meets,3.6,5,0,1/30/2019,0,9
"Homberger, Adrienne  J",10195,1,1,0,63478,1,20,Production Technician II,02/16/84,F,Married,Non-Citizen,No,White,8/15/2011,04-07-2012,relocation out of area,Voluntarily Terminated,Production       ,Michael Albert,30,Indeed,Fully Meets,3.03,5,0,03-05-2012,0,16
"Horton, Jayne",10112,0,0,0,97999,0,8,Database Administrator,02/21/84,F,Single,US Citizen,No,White,3/30/2015,,N/A-StillEmployed,Active,IT/IS,Simon Roup,4,Indeed,Fully Meets,4.48,5,6,01-03-2019,0,4
"Houlihan, Debra",10272,1,1,0,180000,0,11,Director of Sales,03/17/66,F,Married,US Citizen,No,White,05-05-2014,,N/A-StillEmployed,Active,Sales,Janet King,2,LinkedIn,Fully Meets,4.5,4,0,1/21/2019,0,19
"Howard, Estelle",10182,1,1,0,49920,1,2,Administrative Assistant,09/16/85,F,Married,US Citizen,No,Black or African American,2/16/2015,4/15/2015,"no-call, no-show",Terminated for Cause,Admin Offices,Brandon R. LeBlanc,1,Indeed,Fully Meets,3.24,3,4,4/15/2015,0,6
"Hudson, Jane",10248,0,0,0,55425,0,19,Production Technician I,06-10-1986,F,Single,US Citizen,No,White,2/20/2012,,N/A-StillEmployed,Active,Production       ,Ketsia Liebig,19,LinkedIn,Fully Meets,4.8,4,0,01-07-2019,0,4
"Hunts, Julissa",10201,0,0,0,69340,0,20,Production Technician II,03-11-1984,F,Single,US Citizen,No,White,06-06-2016,,N/A-StillEmployed,Active,Production       ,Elijiah Gray,16,LinkedIn,Fully Meets,3,5,0,1/18/2019,0,4
"Hutter, Rosalie",10214,0,3,0,64995,0,20,Production Technician II,05-07-1992,F,Separated,US Citizen,No,White,06-05-2015,,N/A-StillEmployed,Active,Production       ,Webster Butler,,Indeed,Fully Meets,4.5,3,0,2/14/2019,0,6
"Huynh, Ming",10160,0,2,0,68182,1,20,Production Technician II,09/22/76,F,Divorced,US Citizen,No,White,2/21/2011,04-01-2013,unhappy,Voluntarily Terminated,Production       ,Amy Dunn,11,Google Search,Fully Meets,3.72,3,0,02-01-2013,0,18
"Immediato, Walter",10289,1,1,1,83082,1,18,Production Manager,11/15/76,M ,Married,US Citizen,No,Asian,2/21/2011,9/24/2012,unhappy,Voluntarily Terminated,Production       ,Janet King,2,Indeed,Needs Improvement,2.34,2,0,04-12-2012,3,4
"Ivey, Rose ",10139,0,0,0,51908,0,19,Production Technician I,01/28/91,F,Single,US Citizen,No,White,8/19/2013,,N/A-StillEmployed,Active,Production       ,Brannon Miller,12,Indeed,Fully Meets,3.99,3,0,1/14/2019,0,14
"Jackson, Maryellen",10227,0,0,0,61242,0,19,Production Technician I,09-11-1972,F,Single,US Citizen,No,Black or African American,11-05-2012,,N/A-StillEmployed,Active,Production       ,David Stanley,14,LinkedIn,Fully Meets,4.1,3,0,1/17/2019,0,7
"Jacobi, Hannah  ",10236,0,2,0,45069,0,19,Production Technician I,03/22/66,F,Divorced,US Citizen,No,White,9/30/2013,,N/A-StillEmployed,Active,Production       ,Kissy Sullivan,20,Employee Referral,Fully Meets,4.3,5,0,2/22/2019,0,7
"Jeannite, Tayana",10009,0,2,0,60724,0,20,Production Technician II,11-06-1986,F,Divorced,US Citizen,No,American Indian or Alaska Native,07-05-2011,,N/A-StillEmployed,Active,Production       ,Ketsia Liebig,19,LinkedIn,Exceeds,4.6,4,0,2/25/2019,0,11
"Jhaveri, Sneha  ",10060,0,3,0,60436,0,19,Production Technician I,04/13/64,F,Separated,US Citizen,No,White,01-06-2014,,N/A-StillEmployed,Active,Production       ,Kelley Spirea,18,LinkedIn,Fully Meets,5,5,0,1/21/2019,0,9
"Johnson, George",10034,1,1,1,46837,1,19,Production Technician I,08/19/59,M ,Married,US Citizen,No,White,11-07-2011,4/29/2018,more money,Voluntarily Terminated,Production       ,Michael Albert,22,CareerBuilder,Exceeds,4.7,4,0,2/14/2018,0,9
"Johnson, Noelle ",10156,1,1,0,105700,0,8,Database Administrator,11-07-1986,F,Married,US Citizen,No,Asian,01-05-2015,,N/A-StillEmployed,Active,IT/IS,Simon Roup,4,Indeed,Fully Meets,3.75,3,5,02-11-2019,0,2
"Johnston, Yen",10036,0,0,0,63322,0,20,Production Technician II,09-08-1969,F,Single,US Citizen,No,White,07-07-2014,,N/A-StillEmployed,Active,Production       ,Brannon Miller,12,LinkedIn,Exceeds,4.3,3,0,01-11-2019,0,1
"Jung, Judy  ",10138,1,1,0,61154,1,19,Production Technician I,04/17/86,F,Married,US Citizen,No,Black or African American,01-10-2011,04-01-2016,unhappy,Voluntarily Terminated,Production       ,Elijiah Gray,16,CareerBuilder,Fully Meets,4,4,0,02-03-2016,0,4
"Kampew, Donysha",10244,0,0,0,68999,1,21,Sales Manager,11-11-1989,F,Single,US Citizen,No,White,11-07-2011,4/24/2014,maternity leave - did not return,Voluntarily Terminated,Sales,Debra Houlihan,15,Google Search,Fully Meets,4.5,5,0,3/30/2013,0,2
"Keatts, Kramer ",10192,0,0,1,50482,0,19,Production Technician I,01/19/76,M ,Single,US Citizen,No,White,9/30/2013,,N/A-StillEmployed,Active,Production       ,Michael Albert,22,Indeed,Fully Meets,3.07,4,0,1/23/2019,0,10
"Khemmich, Bartholemew",10231,0,0,1,65310,0,3,Area Sales Manager,11/27/79,M ,Single,US Citizen,No,White,8/19/2013,,N/A-StillEmployed,Active,Sales,Lynn Daneault,21,Indeed,Fully Meets,4.3,5,0,1/22/2019,0,13
"King, Janet",10089,1,1,0,250000,0,16,President & CEO,09/21/54,F,Married,US Citizen,Yes,White,07-02-2012,,N/A-StillEmployed,Active,Executive Office,Board of Directors,9,Indeed,Fully Meets,4.83,3,0,1/17/2019,0,10
"Kinsella, Kathleen  ",10166,1,1,0,54005,1,19,Production Technician I,12-08-1973,F,Married,US Citizen,No,White,9/26/2011,06-04-2015,more money,Voluntarily Terminated,Production       ,Webster Butler,39,Google Search,Fully Meets,3.6,5,0,03-01-2015,0,16
"Kirill, Alexandra  ",10170,1,1,0,45433,1,19,Production Technician I,10-08-1970,F,Married,US Citizen,No,White,9/26/2011,01-09-2014,more money,Voluntarily Terminated,Production       ,Amy Dunn,11,Google Search,Fully Meets,3.49,4,0,1/30/2013,0,6
"Knapp, Bradley  J",10208,0,0,1,46654,0,19,Production Technician I,11-10-1977,M ,Single,US Citizen,No,Black or African American,2/17/2014,,N/A-StillEmployed,Active,Production       ,Ketsia Liebig,19,LinkedIn,Fully Meets,3.1,3,0,02-06-2019,0,3
"Kretschmer, John",10176,1,1,1,63973,0,19,Production Technician I,02-02-1980,M ,Married,US Citizen,No,Asian,01-10-2011,,N/A-StillEmployed,Active,Production       ,Brannon Miller,12,Indeed,Fully Meets,3.38,3,0,1/21/2019,0,17
"Kreuger, Freddy",10165,0,0,1,71339,0,3,Area Sales Manager,02/24/69,M ,Single,US Citizen,Yes,Black or African American,03-07-2011,,N/A-StillEmployed,Active,Sales,John Smith,17,Diversity Job Fair,Fully Meets,3.65,5,0,1/17/2019,0,20
"Lajiri,  Jyoti",10113,1,1,1,93206,0,28,Sr. Network Engineer,04/23/86,M ,Married,US Citizen,No,White,11-10-2014,,N/A-StillEmployed,Active,IT/IS,Peter Monroe,7,Employee Referral,Fully Meets,4.46,5,6,01-07-2019,0,7
"Landa, Hans",10092,1,1,1,82758,1,18,Production Manager,07-01-1972,M ,Married,US Citizen,No,White,01-10-2011,12-12-2015,attendance,Terminated for Cause,Production       ,Janet King,2,Employee Referral,Fully Meets,4.78,4,0,2/15/2015,0,9
"Langford, Lindsey",10106,0,2,0,66074,1,20,Production Technician II,07/25/79,F,Divorced,US Citizen,No,Asian,01-07-2013,3/31/2014,Another position,Voluntarily Terminated,Production       ,David Stanley,14,Indeed,Fully Meets,4.52,3,0,2/20/2014,0,20
"Langton, Enrico",10052,1,1,1,46120,0,19,Production Technician I,12-09-1986,M ,Married,US Citizen,No,White,07-09-2012,,N/A-StillEmployed,Active,Production       ,David Stanley,14,LinkedIn,Fully Meets,5,5,0,02-04-2019,0,13
"LaRotonda, William  ",10038,0,2,1,64520,0,1,Accountant I,04/26/84,M ,Divorced,US Citizen,No,Black or African American,01-06-2014,,N/A-StillEmployed,Active,Admin Offices,Brandon R. LeBlanc,1,Website,Fully Meets,5,4,4,1/17/2019,0,3
"Latif, Mohammed",10249,1,1,1,61962,1,20,Production Technician II,05-09-1984,M ,Married,US Citizen,No,White,04-02-2012,4/15/2013,more money,Voluntarily Terminated,Production       ,Kissy Sullivan,20,Google Search,Fully Meets,4.9,3,0,2/20/2013,0,20
"Le, Binh",10232,0,0,0,81584,0,22,Senior BI Developer,06/14/87,F,Single,US Citizen,No,Asian,10-02-2016,,N/A-StillEmployed,Active,IT/IS,Brian Champaigne,13,Indeed,Fully Meets,4.1,5,7,01-08-2019,0,2
"Leach, Dallas",10087,0,0,0,63676,1,19,Production Technician I,01/17/79,F,Single,US Citizen,No,Asian,9/26/2011,8/19/2018,return to school,Voluntarily Terminated,Production       ,Kissy Sullivan,20,CareerBuilder,Fully Meets,4.88,3,0,07-02-2017,0,17
"LeBlanc, Brandon  R",10134,1,1,1,93046,0,23,Shared Services Manager,06-10-1984,M ,Married,US Citizen,No,White,01-05-2016,,N/A-StillEmployed,Active,Admin Offices,Janet King,2,CareerBuilder,Fully Meets,4.1,4,0,1/28/2019,0,20
"Lecter, Hannibal",10251,1,1,1,64738,0,19,Production Technician I,09-02-1982,M ,Married,US Citizen,No,Asian,5/14/2012,,N/A-StillEmployed,Active,Production       ,Elijiah Gray,16,Google Search,Fully Meets,4.1,3,0,2/22/2019,0,10
"Leruth, Giovanni",10103,0,3,1,70468,0,3,Area Sales Manager,12/27/88,M ,Separated,US Citizen,No,Black or African American,4/30/2012,,N/A-StillEmployed,Active,Sales,John Smith,17,Website,Fully Meets,4.53,3,0,1/29/2019,0,16
"Liebig, Ketsia",10017,1,1,0,77915,0,18,Production Manager,10/26/81,F,Married,US Citizen,No,White,9/30/2013,,N/A-StillEmployed,Active,Production       ,Janet King,2,Website,Exceeds,4.1,3,0,1/21/2019,0,11
"Linares, Marilyn ",10186,1,1,0,52624,1,19,Production Technician I,03/26/81,F,Married,US Citizen,No,White,07-05-2011,9/26/2018,unhappy,Voluntarily Terminated,Production       ,Michael Albert,22,Indeed,Fully Meets,3.18,4,0,03-02-2018,0,16
"Linden, Mathew",10137,1,1,1,63450,0,20,Production Technician II,03/19/79,M ,Married,US Citizen,No,White,07-08-2013,,N/A-StillEmployed,Active,Production       ,Kelley Spirea,18,LinkedIn,Fully Meets,4,3,0,2/18/2019,0,7
"Lindsay, Leonara ",10008,0,0,0,51777,0,14,IT Support,10-05-1988,F,Single,US Citizen,Yes,Black or African American,1/21/2011,,N/A-StillEmployed,Active,IT/IS,Eric Dougall,6,Diversity Job Fair,Exceeds,4.64,4,5,1/25/2019,0,14
"Lundy, Susan",10096,0,4,0,67237,1,20,Production Technician II,12/26/76,F,Widowed,US Citizen,No,White,07-08-2013,9/15/2016,more money,Voluntarily Terminated,Production       ,Michael Albert,22,LinkedIn,Fully Meets,4.65,4,0,06-10-2016,0,15
"Lunquist, Lisa",10035,0,0,0,73330,0,20,Production Technician II,03/28/82,F,Single,US Citizen,No,Black or African American,8/19/2013,,N/A-StillEmployed,Active,Production       ,Elijiah Gray,16,Indeed,Exceeds,4.2,4,0,02-12-2019,0,19
"Lydon, Allison",10057,1,1,0,52057,0,19,Production Technician I,10/22/75,F,Married,US Citizen,No,Black or African American,2/16/2015,,N/A-StillEmployed,Active,Production       ,Elijiah Gray,16,Website,Fully Meets,5,3,0,1/23/2019,0,6
"Lynch, Lindsay",10004,0,0,0,47434,1,19,Production Technician I,02/14/73,F,Single,US Citizen,Yes,Black or African American,11-07-2011,11/14/2015,Another position,Voluntarily Terminated,Production       ,Webster Butler,39,Diversity Job Fair,Exceeds,5,4,0,02-02-2015,0,17
"MacLennan, Samuel",10191,0,4,1,52788,1,19,Production Technician I,11-09-1972,M ,Widowed,US Citizen,No,White,9/24/2012,9/26/2017,hours,Voluntarily Terminated,Production       ,Amy Dunn,11,Indeed,Fully Meets,3.08,4,0,04-01-2017,0,18
"Mahoney, Lauren  ",10219,0,0,0,45395,0,19,Production Technician I,07-07-1986,F,Single,US Citizen,No,White,01-06-2014,,N/A-StillEmployed,Active,Production       ,Ketsia Liebig,19,LinkedIn,Fully Meets,4.6,4,0,2/26/2019,0,14
"Manchester, Robyn",10077,1,1,0,62385,0,20,Production Technician II,08/25/76,F,Married,US Citizen,No,White,05-11-2016,,N/A-StillEmployed,Active,Production       ,Webster Butler,,LinkedIn,Fully Meets,5,3,0,1/21/2019,0,4
"Mancuso, Karen",10073,1,1,0,68407,1,20,Production Technician II,12-10-1986,F,Married,US Citizen,No,Two or more races,07-05-2011,8/19/2012,Another position,Voluntarily Terminated,Production       ,Amy Dunn,11,LinkedIn,Fully Meets,5,4,0,07-02-2012,0,16
"Mangal, Debbie",10279,1,1,0,61349,0,19,Production Technician I,11-07-1974,F,Married,US Citizen,No,White,11-11-2013,,N/A-StillEmployed,Active,Production       ,Brannon Miller,12,LinkedIn,Fully Meets,4.1,3,0,1/22/2019,0,11
"Martin, Sandra",10110,0,0,0,105688,0,24,Software Engineer,11-07-1987,F,Single,US Citizen,No,Asian,11-11-2013,,N/A-StillEmployed,Active,Software Engineering,Alex Sweetwater,10,Google Search,Fully Meets,4.5,5,4,1/14/2019,0,14
"Maurice, Shana",10053,1,1,0,54132,0,19,Production Technician I,11/22/77,F,Married,US Citizen,No,White,5/31/2011,,N/A-StillEmployed,Active,Production       ,David Stanley,14,Indeed,Fully Meets,5,4,0,01-10-2019,0,8
"Carthy, B'rigit",10076,0,0,0,55315,0,20,Production Technician II,05/21/87,F,Single,US Citizen,No,Black or African American,3/30/2015,,N/A-StillEmployed,Active,Production       ,Ketsia Liebig,19,LinkedIn,Fully Meets,5,5,0,02-07-2019,0,16
"Mckenna, Sandy",10145,1,1,0,62810,0,19,Production Technician I,01-07-1987,F,Married,US Citizen,No,Black or African American,01-07-2013,,N/A-StillEmployed,Active,Production       ,Kissy Sullivan,20,CareerBuilder,Fully Meets,3.93,3,0,1/30/2019,0,20
"McKinzie, Jac",10202,1,1,1,63291,0,3,Area Sales Manager,07-01-1984,M ,Married,US Citizen,No,Two or more races,07-06-2016,,N/A-StillEmployed,Active,Sales,Lynn Daneault,21,Website,Fully Meets,3.4,4,0,1/29/2019,0,7
"Meads, Elizabeth",10128,0,0,0,62659,1,19,Production Technician I,05/30/68,F,Single,US Citizen,No,Black or African American,04-02-2012,11-11-2016,Another position,Voluntarily Terminated,Production       ,Kelley Spirea,18,Diversity Job Fair,Fully Meets,4.18,4,0,02-05-2016,0,17
"Medeiros, Jennifer",10068,0,0,0,55688,0,19,Production Technician I,09/22/76,F,Single,US Citizen,No,White,3/30/2015,,N/A-StillEmployed,Active,Production       ,Michael Albert,22,CareerBuilder,Fully Meets,5,4,0,1/21/2019,0,10
"Miller, Brannon",10116,0,0,1,83667,0,18,Production Manager,08-10-1981,M ,Single,US Citizen,yes,Hispanic,8/16/2012,,N/A-StillEmployed,Active,Production       ,Janet King,2,Indeed,Fully Meets,4.37,3,0,1/14/2019,0,2
"Miller, Ned",10298,0,0,1,55800,1,20,Production Technician II,06/29/85,M ,Single,US Citizen,No,White,8/15/2011,09-04-2014,unhappy,Voluntarily Terminated,Production       ,Brannon Miller,12,LinkedIn,PIP,3,2,0,1/14/2013,6,6
"Monkfish, Erasumus",10213,1,1,1,58207,0,20,Production Technician II,08/17/92,M ,Married,US Citizen,No,White,11-07-2011,,N/A-StillEmployed,Active,Production       ,David Stanley,14,LinkedIn,Fully Meets,3.7,3,0,01-08-2019,0,14
"Monroe, Peter",10288,1,1,1,157000,0,13,IT Manager - Infra,10-05-1986,M ,Married,Eligible NonCitizen,Yes,Black or African American,2/15/2012,,N/A-StillEmployed,Active,IT/IS,Jennifer Zamora,5,Diversity Job Fair,Needs Improvement,2.39,3,6,2/22/2019,4,13
"Monterro, Luisa",10025,0,0,0,72460,0,20,Production Technician II,04/24/70,F,Single,US Citizen,No,Black or African American,5/13/2013,,N/A-StillEmployed,Active,Production       ,Kissy Sullivan,20,Indeed,Exceeds,4.7,3,0,1/14/2019,0,1
"Moran, Patrick",10223,0,0,1,72106,0,20,Production Technician II,12-03-1976,M ,Single,US Citizen,No,Black or African American,01-09-2012,,N/A-StillEmployed,Active,Production       ,Kelley Spirea,18,Diversity Job Fair,Fully Meets,4.1,4,0,1/31/2019,0,12
"Morway, Tanya",10151,1,1,0,52599,0,15,Network Engineer,04-04-1979,F,Married,US Citizen,No,White,2/16/2015,,N/A-StillEmployed,Active,IT/IS,Peter Monroe,7,CareerBuilder,Fully Meets,3.81,3,6,02-11-2019,0,6
"Motlagh,  Dawn",10254,0,2,0,63430,0,19,Production Technician I,07-07-1984,F,Divorced,US Citizen,No,White,04-01-2013,,N/A-StillEmployed,Active,Production       ,Elijiah Gray,16,LinkedIn,Fully Meets,4.4,4,0,1/17/2019,0,18
"Moumanil, Maliki ",10120,0,3,1,74417,0,20,Production Technician II,12-01-1974,M ,Separated,US Citizen,No,Black or African American,5/13/2013,,N/A-StillEmployed,Active,Production       ,Michael Albert,22,LinkedIn,Fully Meets,4.29,5,0,1/28/2019,0,11
"Myers, Michael",10216,0,0,1,57575,0,19,Production Technician I,04/18/80,M ,Single,US Citizen,No,Asian,07-08-2013,,N/A-StillEmployed,Active,Production       ,Kissy Sullivan,20,LinkedIn,Fully Meets,4.1,4,0,1/22/2019,0,13
"Navathe, Kurt",10079,0,0,1,87921,0,22,Senior BI Developer,04/25/70,M ,Single,US Citizen,No,Asian,02-10-2017,,N/A-StillEmployed,Active,IT/IS,Brian Champaigne,13,Indeed,Fully Meets,5,3,6,2/25/2019,0,17
"Ndzi, Colombui",10215,0,0,1,50470,1,19,Production Technician I,05-02-1989,M ,Single,US Citizen,No,Black or African American,9/26/2011,04-04-2014,return to school,Voluntarily Terminated,Production       ,Webster Butler,39,Diversity Job Fair,Fully Meets,4.3,3,0,03-02-2013,0,19
"Ndzi, Horia",10185,1,1,1,46664,1,19,Production Technician I,03/28/83,M ,Married,US Citizen,No,White,04-01-2013,5/25/2016,more money,Voluntarily Terminated,Production       ,Amy Dunn,11,Employee Referral,Fully Meets,3.18,3,0,03-06-2016,0,10
"Newman, Richard ",10063,1,1,1,48495,0,19,Production Technician I,04-08-1977,M ,Married,US Citizen,No,White,05-12-2014,,N/A-StillEmployed,Active,Production       ,Ketsia Liebig,19,LinkedIn,Fully Meets,5,5,0,2/18/2019,0,11
"Ngodup, Shari ",10037,0,3,0,52984,0,19,Production Technician I,06-03-1967,F,Separated,US Citizen,No,Black or African American,04-01-2013,,N/A-StillEmployed,Active,Production       ,Brannon Miller,12,Diversity Job Fair,Exceeds,4,3,0,2/13/2019,0,12
"Nguyen, Dheepa",10042,0,0,0,63695,0,3,Area Sales Manager,03/31/89,F,Single,US Citizen,No,Two or more races,07-08-2013,,N/A-StillEmployed,Active,Sales,Lynn Daneault,21,Indeed,Fully Meets,5,5,0,1/25/2019,0,2
"Nguyen, Lei-Ming",10206,0,0,0,62061,0,19,Production Technician I,07-07-1984,F,Single,US Citizen,No,White,07-08-2013,,N/A-StillEmployed,Active,Production       ,David Stanley,14,LinkedIn,Fully Meets,3.6,5,0,01-02-2019,0,4
"Nowlan, Kristie",10104,0,0,0,66738,0,20,Production Technician II,11/23/85,F,Single,US Citizen,No,White,11-10-2014,,N/A-StillEmployed,Active,Production       ,Elijiah Gray,16,Indeed,Fully Meets,4.53,5,0,1/16/2019,0,5
"O'hare, Lynn",10303,0,0,0,52674,1,19,Production Technician I,09/30/80,F,Single,US Citizen,No,Two or more races,3/31/2014,05-01-2018,performance,Terminated for Cause,Production       ,Kissy Sullivan,20,LinkedIn,PIP,2.33,2,0,03-09-2018,6,3
"Oliver, Brooke ",10078,1,1,0,71966,1,20,Production Technician II,02-11-1952,F,Married,US Citizen,No,Asian,5/14/2012,8/19/2013,unhappy,Voluntarily Terminated,Production       ,Webster Butler,39,LinkedIn,Fully Meets,5,3,0,07-02-2013,0,17
"Onque, Jasmine",10121,0,0,0,63051,0,3,Area Sales Manager,05-11-1990,F,Single,US Citizen,Yes,White,9/30/2013,,N/A-StillEmployed,Active,Sales,Lynn Daneault,21,Indeed,Fully Meets,4.28,3,0,1/25/2019,0,1
"Osturnka, Adeel",10021,1,1,1,47414,0,19,Production Technician I,12-11-1976,M ,Married,US Citizen,No,White,9/30/2013,,N/A-StillEmployed,Active,Production       ,Kelley Spirea,18,LinkedIn,Exceeds,5,3,0,02-07-2019,0,13
"Owad, Clinton",10281,0,0,1,53060,0,19,Production Technician I,11/24/79,M ,Single,US Citizen,No,Black or African American,2/17/2014,,N/A-StillEmployed,Active,Production       ,Michael Albert,22,LinkedIn,Needs Improvement,4.25,3,0,02-04-2019,4,6
"Ozark, Travis",10041,0,0,1,68829,0,3,Area Sales Manager,05/19/82,M ,Single,US Citizen,No,White,01-05-2015,,N/A-StillEmployed,Active,Sales,John Smith,17,Website,Fully Meets,5,5,0,1/14/2019,0,18
"Panjwani, Nina",10148,1,1,0,63515,1,19,Production Technician I,05-01-1979,F,Married,US Citizen,No,White,02-07-2011,01-12-2014,Another position,Voluntarily Terminated,Production       ,Elijiah Gray,16,Google Search,Fully Meets,3.89,4,0,03-04-2013,0,7
"Patronick, Lucas",10005,0,0,1,108987,1,24,Software Engineer,02/20/79,M ,Single,US Citizen,No,Black or African American,11-07-2011,09-07-2015,Another position,Voluntarily Terminated,Software Engineering,Alex Sweetwater,10,Diversity Job Fair,Exceeds,5,5,3,8/16/2015,0,13
"Pearson, Randall",10259,1,1,1,93093,1,9,Data Analyst,09-05-1984,M ,Married,US Citizen,No,White,12-01-2014,05-01-2016,performance,Voluntarily Terminated,IT/IS,Simon Roup,4,Employee Referral,Fully Meets,4.7,4,5,1/16/2016,0,19
"Smith, Martin",10286,0,0,1,53564,1,19,Production Technician I,03/17/88,M ,Single,US Citizen,No,Black or African American,01-10-2011,12/28/2017,career change,Voluntarily Terminated,Production       ,Webster Butler,39,Google Search,Needs Improvement,3.54,5,0,04-06-2017,4,15
"Pelletier, Ermine",10297,1,1,0,60270,1,20,Production Technician II,07/18/89,F,Married,US Citizen,No,Asian,07-05-2011,9/15/2015,unhappy,Voluntarily Terminated,Production       ,Amy Dunn,11,CareerBuilder,Needs Improvement,2.4,5,0,02-06-2015,5,2
"Perry, Shakira",10171,0,0,0,45998,1,19,Production Technician I,07/20/86,F,Single,US Citizen,No,White,5/16/2011,10/25/2015,medical issues,Voluntarily Terminated,Production       ,Amy Dunn,11,LinkedIn,Fully Meets,3.45,4,0,5/13/2014,0,5
"Peters, Lauren",10032,1,1,0,57954,1,20,Production Technician II,08/17/86,F,Married,US Citizen,No,White,5/16/2011,02-04-2013,more money,Voluntarily Terminated,Production       ,Ketsia Liebig,19,Indeed,Exceeds,4.2,5,0,01-10-2013,0,12
"Peterson, Ebonee  ",10130,1,1,0,74669,1,18,Production Manager,05-09-1977,F,Married,US Citizen,No,White,10/25/2010,5/18/2016,Another position,Voluntarily Terminated,Production       ,Janet King,2,Indeed,Fully Meets,4.16,5,0,03-05-2015,0,6
"Petingill, Shana  ",10217,1,1,0,74226,0,20,Production Technician II,03-10-1979,F,Married,Eligible NonCitizen,No,Asian,04-02-2012,,N/A-StillEmployed,Active,Production       ,Brannon Miller,12,LinkedIn,Fully Meets,4.3,3,0,1/14/2019,0,14
"Petrowsky, Thelma",10016,1,1,0,93554,0,9,Data Analyst,09/16/84,F,Married,US Citizen,No,Black or African American,11-10-2014,,N/A-StillEmployed,Active,IT/IS,Simon Roup,4,Employee Referral,Exceeds,4.6,5,7,01-04-2019,0,16
"Pham, Hong",10050,1,1,1,64724,1,19,Production Technician I,03-06-1988,M ,Married,US Citizen,No,Asian,07-05-2011,11/30/2012,more money,Voluntarily Terminated,Production       ,Brannon Miller,12,Google Search,Fully Meets,5,3,0,2/20/2012,0,13
"Pitt, Brad ",10164,0,0,1,47001,0,19,Production Technician I,11/23/81,M ,Single,US Citizen,No,White,11-05-2007,,N/A-StillEmployed,Active,Production       ,David Stanley,14,Google Search,Fully Meets,3.66,3,0,2/25/2019,0,15
"Potts, Xana",10124,1,1,0,61844,0,3,Area Sales Manager,08/29/88,F,Married,US Citizen,No,Black or African American,01-09-2012,,N/A-StillEmployed,Active,Sales,Lynn Daneault,21,Website,Fully Meets,4.2,5,0,02-01-2019,0,9
"Power, Morissa",10187,0,2,0,46799,1,19,Production Technician I,10/15/84,F,Divorced,Eligible NonCitizen,No,Asian,5/16/2011,06-04-2018,Another position,Voluntarily Terminated,Production       ,Kissy Sullivan,20,Google Search,Fully Meets,3.17,4,0,04-02-2018,0,14
"Punjabhi, Louis  ",10225,0,0,1,59472,0,19,Production Technician I,06/19/61,M ,Single,US Citizen,No,White,01-06-2014,,N/A-StillEmployed,Active,Production       ,Kelley Spirea,18,Employee Referral,Fully Meets,4.8,3,0,01-07-2019,0,14
"Purinton, Janine",10262,0,2,0,46430,1,19,Production Technician I,09/22/70,F,Divorced,US Citizen,No,White,9/24/2012,6/18/2013,unhappy,Voluntarily Terminated,Production       ,Kissy Sullivan,20,Indeed,Fully Meets,4.5,5,0,04-02-2013,0,16
"Quinn, Sean",10131,1,1,1,83363,1,23,Software Engineer,11-06-1984,M ,Married,Eligible NonCitizen,No,Black or African American,2/21/2011,8/15/2015,career change,Voluntarily Terminated,Software Engineering,Janet King,2,Diversity Job Fair,Fully Meets,4.15,4,0,4/19/2014,0,4
"Rachael, Maggie",10239,1,1,0,95920,0,4,BI Developer,05-12-1980,F,Married,US Citizen,No,Black or African American,10-02-2016,,N/A-StillEmployed,Active,IT/IS,Brian Champaigne,13,Indeed,Fully Meets,4.4,4,6,02-06-2019,0,10
"Rarrick, Quinn",10152,0,2,1,61729,1,19,Production Technician I,12/31/84,M ,Divorced,US Citizen,No,White,9/26/2011,04-07-2018,more money,Voluntarily Terminated,Production       ,Michael Albert,22,Indeed,Fully Meets,3.8,5,0,02-04-2018,0,19
"Ren, Kylo",10140,1,1,1,61809,0,3,Area Sales Manager,10-12-1954,M ,Married,US Citizen,No,White,05-12-2014,,N/A-StillEmployed,Active,Sales,John Smith,17,CareerBuilder,Fully Meets,3.98,3,0,1/28/2019,0,4
"Rhoads, Thomas",10058,0,2,1,45115,1,19,Production Technician I,07/22/82,M ,Divorced,US Citizen,Yes,White,5/16/2011,1/15/2016,retiring,Voluntarily Terminated,Production       ,Elijiah Gray,16,LinkedIn,Fully Meets,5,4,0,3/30/2015,0,11
"Rivera, Haley  ",10011,1,1,0,46738,0,19,Production Technician I,01-12-1973,F,Married,US Citizen,No,Asian,11/28/2011,,N/A-StillEmployed,Active,Production       ,Webster Butler,,Google Search,Exceeds,4.36,5,0,02-11-2019,0,16
"Roberson, May",10230,0,2,0,64971,1,20,Production Technician II,09-05-1981,F,Divorced,Eligible NonCitizen,No,Black or African American,9/26/2011,10/22/2011,return to school,Voluntarily Terminated,Production       ,David Stanley,14,Google Search,Fully Meets,4.5,4,0,10/22/2011,0,10
"Robertson, Peter",10224,1,1,1,55578,1,20,Production Technician II,07-03-1972,M ,Married,US Citizen,No,White,07-05-2011,02-08-2012,Another position,Voluntarily Terminated,Production       ,Kissy Sullivan,20,Indeed,Fully Meets,4.2,5,0,01-06-2012,0,13
"Robinson, Alain  ",10047,1,1,1,50428,1,19,Production Technician I,01-07-1974,M ,Married,US Citizen,No,Black or African American,01-10-2011,1/26/2016,attendance,Voluntarily Terminated,Production       ,Amy Dunn,11,Indeed,Fully Meets,5,3,0,01-10-2015,0,11
"Robinson, Cherly",10285,1,1,0,61422,1,19,Production Technician I,01-07-1985,F,Married,US Citizen,No,White,01-10-2011,5/17/2016,attendance,Terminated for Cause,Production       ,Ketsia Liebig,19,Indeed,Needs Improvement,3.6,3,0,04-05-2016,4,16
"Robinson, Elias",10020,0,4,1,63353,0,19,Production Technician I,01/28/85,M ,Widowed,US Citizen,No,White,07-08-2013,,N/A-StillEmployed,Active,Production       ,Brannon Miller,12,Employee Referral,Exceeds,3.6,5,0,02-11-2019,0,4
"Roby, Lori ",10162,1,1,0,89883,0,9,Data Analyst,10-11-1981,F,Married,US Citizen,No,White,2/16/2015,,N/A-StillEmployed,Active,IT/IS,Simon Roup,4,Employee Referral,Fully Meets,3.69,5,6,2/14/2019,0,15
"Roehrich, Bianca",10149,0,0,0,120000,1,29,Principal Data Architect,05/27/73,F,Single,US Citizen,Yes,White,01-05-2015,11-10-2018,Another position,Voluntarily Terminated,IT/IS,Simon Roup,4,LinkedIn,Fully Meets,3.88,3,7,2/13/2018,0,12
"Roper, Katie",10086,0,0,0,150290,0,7,Data Architect,11/21/72,F,Single,US Citizen,No,Black or African American,01-07-2017,,N/A-StillEmployed,Active,IT/IS,Brian Champaigne,13,Indeed,Fully Meets,4.94,3,5,02-06-2019,0,17
"Rose, Ashley  ",10054,0,3,0,60627,0,19,Production Technician I,12-05-1974,F,Separated,US Citizen,No,White,01-06-2014,,N/A-StillEmployed,Active,Production       ,David Stanley,14,Website,Fully Meets,5,4,0,1/31/2019,0,8
"Rossetti, Bruno",10065,0,0,1,53180,1,19,Production Technician I,03/18/87,M ,Single,US Citizen,No,White,04-04-2011,8/13/2018,Another position,Voluntarily Terminated,Production       ,Kissy Sullivan,20,Google Search,Fully Meets,5,5,0,07-02-2018,0,4
"Roup,Simon",10198,0,0,1,140920,0,13,IT Manager - DB,04-05-1973,M ,Single,US Citizen,No,White,1/20/2013,,N/A-StillEmployed,Active,IT/IS,Jennifer Zamora,5,Indeed,Fully Meets,3.6,5,7,2/18/2019,0,13
"Ruiz, Ricardo",10222,0,2,1,148999,1,13,IT Manager - DB,01-04-1964,M ,Divorced,US Citizen,No,Black or African American,01-09-2012,11-04-2015,hours,Voluntarily Terminated,IT/IS,Jennifer Zamora,5,Diversity Job Fair,Fully Meets,4.3,4,6,01-04-2015,0,8
"Saada, Adell",10126,1,1,0,86214,0,24,Software Engineer,07/24/86,F,Married,US Citizen,No,White,11-05-2012,,N/A-StillEmployed,Active,Software Engineering,Alex Sweetwater,10,Indeed,Fully Meets,4.2,3,6,2/13/2019,0,2
"Saar-Beckles, Melinda",10295,0,0,0,47750,0,19,Production Technician I,06-06-1968,F,Single,US Citizen,No,Black or African American,07-04-2016,,N/A-StillEmployed,Active,Production       ,Kelley Spirea,18,Diversity Job Fair,Needs Improvement,2.6,4,0,2/18/2019,5,4
"Sadki, Nore  ",10260,0,0,1,46428,1,19,Production Technician I,12/21/74,M ,Single,US Citizen,No,White,01-05-2009,7/30/2018,relocation out of area,Voluntarily Terminated,Production       ,Michael Albert,22,Google Search,Fully Meets,4.6,5,0,02-05-2018,0,7
"Sahoo, Adil",10233,1,1,1,57975,0,20,Production Technician II,04/26/86,M ,Married,US Citizen,No,White,8/30/2010,,N/A-StillEmployed,Active,Production       ,Kelley Spirea,18,CareerBuilder,Fully Meets,4.1,3,0,01-10-2019,0,13
"Salter, Jason",10229,0,2,1,88527,1,9,Data Analyst ,12/17/87,M ,Divorced,US Citizen,No,Black or African American,01-05-2015,10/31/2015,hours,Voluntarily Terminated,IT/IS,Simon Roup,4,LinkedIn,Fully Meets,4.2,3,5,4/20/2015,0,2
"Sander, Kamrin",10169,1,1,0,56147,0,19,Production Technician I,07-10-1988,F,Married,US Citizen,No,Black or African American,9/29/2014,,N/A-StillEmployed,Active,Production       ,Elijiah Gray,16,LinkedIn,Fully Meets,3.51,3,0,2/18/2019,0,2
"Sewkumar, Nori",10071,0,0,0,50923,0,19,Production Technician I,03-10-1975,F,Single,US Citizen,No,Asian,9/30/2013,,N/A-StillEmployed,Active,Production       ,Webster Butler,,Google Search,Fully Meets,5,5,0,02-06-2019,0,14
"Shepard, Anita ",10179,1,1,0,50750,0,15,Network Engineer,04/14/81,F,Married,US Citizen,No,White,9/30/2014,,N/A-StillEmployed,Active,IT/IS,Peter Monroe,7,LinkedIn,Fully Meets,3.31,3,6,01-07-2019,0,7
"Shields, Seffi",10091,1,1,0,52087,0,19,Production Technician I,08/24/85,F,Married,US Citizen,No,White,8/19/2013,,N/A-StillEmployed,Active,Production       ,Amy Dunn,11,LinkedIn,Fully Meets,4.81,4,0,2/15/2019,0,15
"Simard, Kramer",10178,1,1,1,87826,0,9,Data Analyst,02-08-1970,M ,Married,US Citizen,Yes,White,01-05-2015,,N/A-StillEmployed,Active,IT/IS,Simon Roup,4,Employee Referral,Fully Meets,3.32,3,7,1/14/2019,0,16
"Singh, Nan ",10039,0,0,0,51920,0,2,Administrative Assistant,05/19/88,F,Single,US Citizen,No,White,05-01-2015,,N/A-StillEmployed,Active,Admin Offices,Brandon R. LeBlanc,1,Website,Fully Meets,5,3,5,1/15/2019,0,2
"Sloan, Constance",10095,0,0,0,63878,1,20,Production Technician II,11/25/87,F,Single,US Citizen,No,White,10/26/2009,04-08-2015,maternity leave - did not return,Voluntarily Terminated,Production       ,Michael Albert,22,CareerBuilder,Fully Meets,4.68,4,0,04-02-2015,0,20
"Smith, Joe",10027,0,0,1,60656,0,20,Production Technician II,10/30/63,M ,Single,US Citizen,No,White,9/29/2014,,N/A-StillEmployed,Active,Production       ,Elijiah Gray,16,Indeed,Exceeds,4.3,3,0,1/28/2019,0,4
"Smith, John",10291,0,2,1,72992,0,21,Sales Manager,08/16/84,M ,Divorced,US Citizen,No,Black or African American,5/18/2014,,N/A-StillEmployed,Active,Sales,Debra Houlihan,15,Diversity Job Fair,Needs Improvement,2.4,4,0,1/16/2019,2,16
"Smith, Leigh Ann",10153,1,1,0,55000,1,2,Administrative Assistant,06/14/87,F,Married,US Citizen,No,Black or African American,9/26/2011,9/25/2013,career change,Voluntarily Terminated,Admin Offices,Brandon R. LeBlanc,1,Diversity Job Fair,Fully Meets,3.8,4,4,8/15/2013,0,17
"Smith, Sade",10157,0,0,0,58939,0,19,Production Technician I,02-02-1965,F,Single,US Citizen,No,White,11-11-2013,,N/A-StillEmployed,Active,Production       ,Ketsia Liebig,19,Employee Referral,Fully Meets,3.73,3,0,1/24/2019,0,16
"Soto, Julia ",10119,1,1,0,66593,0,14,IT Support,03-12-1973,F,Married,US Citizen,No,Black or African American,06-10-2011,,N/A-StillEmployed,Active,IT/IS,Eric Dougall,6,LinkedIn,Fully Meets,4.3,3,5,02-08-2019,0,19
"Soze, Keyser",10180,1,1,1,87565,0,28,Sr. Network Engineer,02-09-1983,M ,Married,US Citizen,No,Asian,6/30/2016,,N/A-StillEmployed,Active,IT/IS,Peter Monroe,7,LinkedIn,Fully Meets,3.27,4,5,1/14/2019,0,13
"Sparks, Taylor  ",10302,1,1,0,64021,0,19,Production Technician I,07/20/68,F,Married,US Citizen,No,White,2/20/2012,,N/A-StillEmployed,Active,Production       ,Brannon Miller,12,Indeed,PIP,2.4,2,1,2/25/2019,6,20
"Spirea, Kelley",10090,1,1,0,65714,0,18,Production Manager,09/30/75,F,Married,US Citizen,No,White,10-02-2012,,N/A-StillEmployed,Active,Production       ,Janet King,2,LinkedIn,Fully Meets,4.83,5,0,2/14/2019,0,15
"Squatrito, Kristen",10030,0,2,0,62425,1,19,Production Technician I,03/26/73,F,Divorced,US Citizen,No,White,5/13/2013,6/29/2015,unhappy,Voluntarily Terminated,Production       ,David Stanley,14,LinkedIn,Exceeds,4.1,4,0,03-02-2015,0,16
"Stanford,Barbara  M",10278,0,2,0,47961,0,19,Production Technician I,08/25/82,F,Divorced,US Citizen,No,Two or more races,01-10-2011,,N/A-StillEmployed,Active,Production       ,Kissy Sullivan,20,Google Search,Fully Meets,4.1,4,0,02-07-2019,0,9
"Stansfield, Norman",10307,1,1,1,58273,0,3,Area Sales Manager,05-09-1974,M ,Married,US Citizen,No,White,05-12-2014,,N/A-StillEmployed,Active,Sales,Lynn Daneault,21,Website,PIP,1.81,2,0,1/17/2019,3,5
"Steans, Tyrone  ",10147,0,0,1,63003,0,1,Accountant I,09-01-1986,M ,Single,US Citizen,No,White,9/29/2014,,N/A-StillEmployed,Active,Admin Offices,Brandon R. LeBlanc,1,Indeed,Fully Meets,3.9,5,5,1/18/2019,0,9
"Stoica, Rick",10266,1,1,1,61355,0,19,Production Technician I,03/14/85,M ,Married,US Citizen,No,Asian,2/17/2014,,N/A-StillEmployed,Active,Production       ,Kelley Spirea,18,LinkedIn,Fully Meets,4.7,3,0,01-11-2019,0,4
"Strong, Caitrin",10241,1,1,0,60120,0,3,Area Sales Manager,05-12-1989,F,Married,US Citizen,No,Black or African American,9/27/2010,,N/A-StillEmployed,Active,Sales,John Smith,17,Indeed,Fully Meets,4.1,4,0,1/31/2019,0,18
"Sullivan, Kissy ",10158,1,1,0,63682,0,18,Production Manager,03/28/78,F,Married,US Citizen,No,Black or African American,01-08-2009,,N/A-StillEmployed,Active,Production       ,Janet King,2,Indeed,Fully Meets,3.73,4,0,1/24/2019,0,12
"Sullivan, Timothy",10117,1,1,1,63025,0,19,Production Technician I,10-07-1982,M ,Married,US Citizen,Yes,White,01-05-2015,,N/A-StillEmployed,Active,Production       ,Michael Albert,22,Google Search,Fully Meets,4.36,5,0,1/24/2019,0,10
"Sutwell, Barbara",10209,0,0,0,59238,0,19,Production Technician I,08/15/68,F,Single,Eligible NonCitizen,No,Asian,5/14/2012,,N/A-StillEmployed,Active,Production       ,Elijiah Gray,16,Indeed,Fully Meets,3.4,5,0,1/31/2019,0,13
"Szabo, Andrew",10024,0,0,1,92989,0,24,Software Engineer,05-06-1983,M ,Single,US Citizen,No,White,07-07-2014,,N/A-StillEmployed,Active,Software Engineering,Alex Sweetwater,10,LinkedIn,Exceeds,4.5,5,5,2/18/2019,0,1
"Tannen, Biff",10173,1,1,1,90100,0,4,BI Developer,10/24/87,M ,Married,US Citizen,No,White,4/20/2017,,N/A-StillEmployed,Active,IT/IS,Brian Champaigne,13,Indeed,Fully Meets,3.4,3,6,01-02-2019,0,14
"Tavares, Desiree  ",10221,1,1,0,60754,1,19,Production Technician I,04-03-1975,F,Married,Non-Citizen,No,Black or African American,4/27/2009,04-01-2013,Another position,Voluntarily Terminated,Production       ,Webster Butler,39,Diversity Job Fair,Fully Meets,4.5,5,0,2/15/2012,0,11
"Tejeda, Lenora ",10146,1,1,0,72202,1,20,Production Technician II,05/24/53,F,Married,US Citizen,No,White,5/16/2011,07-08-2017,Another position,Voluntarily Terminated,Production       ,Elijiah Gray,16,Google Search,Fully Meets,3.93,3,0,4/18/2017,0,3
"Terry, Sharlene ",10161,0,0,0,58370,0,3,Area Sales Manager,05-07-1965,F,Single,US Citizen,No,Black or African American,9/29/2014,,N/A-StillEmployed,Active,Sales,Lynn Daneault,21,Indeed,Fully Meets,3.69,3,0,1/28/2019,0,18
"Theamstern, Sophia",10141,0,0,0,48413,1,19,Production Technician I,05-09-1965,F,Single,US Citizen,No,White,07-05-2011,09-05-2016,return to school,Voluntarily Terminated,Production       ,Amy Dunn,11,Indeed,Fully Meets,3.98,4,0,03-02-2016,0,1
"Thibaud, Kenneth",10268,0,4,1,67176,1,20,Production Technician II,09/16/75,M ,Widowed,US Citizen,No,White,6/25/2007,8/30/2010,military,Voluntarily Terminated,Production       ,Webster Butler,39,Other,Fully Meets,4.1,4,0,7/14/2010,0,15
"Tippett, Jeanette",10123,0,2,0,56339,0,19,Production Technician I,06-05-1967,F,Divorced,US Citizen,No,Black or African American,2/18/2013,,N/A-StillEmployed,Active,Production       ,Brannon Miller,12,Indeed,Fully Meets,4.21,5,0,1/14/2019,0,4
"Torrence, Jack",10013,0,3,1,64397,0,3,Area Sales Manager,01/15/68,M ,Separated,US Citizen,No,White,01-09-2006,,N/A-StillEmployed,Active,Sales,Lynn Daneault,21,Indeed,Exceeds,4.1,3,0,01-04-2019,0,6
"Trang, Mei",10287,0,0,0,63025,0,19,Production Technician I,05/16/83,F,Single,US Citizen,No,White,2/17/2014,,N/A-StillEmployed,Active,Production       ,David Stanley,14,LinkedIn,Needs Improvement,2.44,5,0,02-11-2019,4,18
"Tredinnick, Neville ",10044,1,1,1,75281,1,15,Network Engineer,05-05-1988,M ,Married,US Citizen,No,White,01-05-2015,02-12-2016,medical issues,Voluntarily Terminated,IT/IS,Peter Monroe,7,CareerBuilder,Fully Meets,5,3,5,4/15/2015,0,11
"True, Edward",10102,0,0,1,100416,1,24,Software Engineer,06/14/83,M ,Single,Non-Citizen,No,Black or African American,2/18/2013,4/15/2018,medical issues,Voluntarily Terminated,Software Engineering,Alex Sweetwater,10,Diversity Job Fair,Fully Meets,4.6,3,4,02-12-2017,0,9
"Trzeciak, Cybil",10270,0,0,0,74813,1,20,Production Technician II,03/15/85,F,Single,US Citizen,No,White,01-10-2011,07-02-2014,unhappy,Voluntarily Terminated,Production       ,Amy Dunn,11,LinkedIn,Fully Meets,4.4,3,0,01-05-2014,0,5
"Turpin, Jumil",10045,1,1,1,76029,0,15,Network Engineer,03/31/69,M ,Married,Eligible NonCitizen,No,White,3/30/2015,,N/A-StillEmployed,Active,IT/IS,Peter Monroe,7,Employee Referral,Fully Meets,5,4,7,1/14/2019,0,8
"Valentin,Jackie",10205,1,1,0,57859,0,3,Area Sales Manager,05/23/91,F,Married,US Citizen,No,Two or more races,07-05-2011,,N/A-StillEmployed,Active,Sales,John Smith,17,Indeed,Fully Meets,2.81,3,0,1/17/2019,0,16
"Veera, Abdellah ",10014,0,2,1,58523,1,19,Production Technician I,01/31/87,M ,Divorced,US Citizen,No,White,8/13/2012,02-05-2016,maternity leave - did not return,Voluntarily Terminated,Production       ,Kissy Sullivan,20,LinkedIn,Exceeds,4.5,5,0,02-01-2016,0,15
"Vega, Vincent",10144,0,2,1,88976,0,17,Production Manager,10-10-1968,M ,Divorced,US Citizen,No,White,08-01-2011,,N/A-StillEmployed,Active,Production       ,Janet King,2,Employee Referral,Fully Meets,3.93,3,0,2/27/2019,0,19
"Villanueva, Noah",10253,0,0,1,55875,0,3,Area Sales Manager,07-11-1989,M ,Single,US Citizen,No,Asian,03-05-2012,,N/A-StillEmployed,Active,Sales,John Smith,17,Website,Fully Meets,4.5,4,0,1/18/2019,0,11
"Voldemort, Lord",10118,1,1,1,113999,1,8,Database Administrator,08-07-1986,M ,Married,US Citizen,No,Black or African American,2/16/2015,2/22/2017,"no-call, no-show",Terminated for Cause,IT/IS,Simon Roup,4,Employee Referral,Fully Meets,4.33,3,7,2/15/2017,0,9
"Volk, Colleen",10022,1,1,0,49773,1,19,Production Technician I,06-03-1986,F,Married,US Citizen,No,White,9/26/2011,02-08-2016,gross misconduct,Terminated for Cause,Production       ,Kelley Spirea,18,Google Search,Exceeds,4.3,5,0,02-01-2015,0,18
"Von Massenbach, Anna",10183,0,0,0,62068,0,19,Production Technician I,04-06-1985,F,Single,US Citizen,No,White,07-05-2015,,N/A-StillEmployed,Active,Production       ,Michael Albert,22,LinkedIn,Fully Meets,3.21,3,0,1/29/2019,0,7
"Walker, Roger",10190,0,0,1,66541,0,20,Production Technician II,02-10-1976,M ,Single,US Citizen,No,Black or African American,8/18/2014,,N/A-StillEmployed,Active,Production       ,Ketsia Liebig,19,Employee Referral,Fully Meets,3.11,5,0,02-12-2019,0,4
"Wallace, Courtney  E",10274,1,1,0,80512,1,18,Production Manager,11/14/55,F,Married,US Citizen,No,Black or African American,9/26/2011,01-02-2012,Another position,Voluntarily Terminated,Production       ,Janet King,2,Diversity Job Fair,Fully Meets,4.5,3,0,01-02-2012,0,5
"Wallace, Theresa",10293,0,0,0,50274,1,19,Production Technician I,08-02-1980,F,Single,US Citizen,No,White,8/13/2012,09-01-2015,career change,Voluntarily Terminated,Production       ,Elijiah Gray,16,CareerBuilder,Needs Improvement,2.5,3,0,09-05-2014,6,13
"Wang, Charlie",10172,0,0,1,84903,0,22,Senior BI Developer,07-08-1981,M ,Single,US Citizen,No,Asian,2/15/2017,,N/A-StillEmployed,Active,IT/IS,Brian Champaigne,13,Indeed,Fully Meets,3.42,4,7,01-04-2019,0,17
"Warfield, Sarah",10127,0,4,0,107226,0,28,Sr. Network Engineer,05-02-1978,F,Widowed,US Citizen,No,Asian,3/30/2015,,N/A-StillEmployed,Active,IT/IS,Peter Monroe,7,Employee Referral,Fully Meets,4.2,4,8,02-05-2019,0,7
"Whittier, Scott",10072,0,0,1,58371,1,19,Production Technician I,05/24/87,M ,Single,US Citizen,Yes,White,01-10-2011,5/15/2014,hours,Voluntarily Terminated,Production       ,Webster Butler,39,LinkedIn,Fully Meets,5,5,0,5/15/2014,0,11
"Wilber, Barry",10048,1,1,1,55140,1,19,Production Technician I,09-09-1965,M ,Married,Eligible NonCitizen,No,White,5/16/2011,09-07-2015,unhappy,Voluntarily Terminated,Production       ,Amy Dunn,11,Website,Fully Meets,5,3,0,2/15/2015,0,7
"Wilkes, Annie",10204,0,2,0,58062,1,19,Production Technician I,07/30/83,F,Divorced,US Citizen,No,White,01-10-2011,5/14/2012,Another position,Voluntarily Terminated,Production       ,Ketsia Liebig,19,Google Search,Fully Meets,3.6,5,0,02-06-2011,0,9
"Williams, Jacquelyn  ",10264,0,0,0,59728,1,19,Production Technician I,10-02-1969,F,Single,US Citizen,Yes,Black or African American,01-09-2012,6/27/2015,relocation out of area,Voluntarily Terminated,Production       ,Ketsia Liebig,19,Diversity Job Fair,Fully Meets,4.3,4,0,06-02-2014,0,16
"Winthrop, Jordan  ",10033,0,0,1,70507,1,20,Production Technician II,11-07-1958,M ,Single,US Citizen,No,White,01-07-2013,2/21/2016,retiring,Voluntarily Terminated,Production       ,Brannon Miller,12,LinkedIn,Exceeds,5,3,0,1/19/2016,0,7
"Wolk, Hang  T",10174,0,0,0,60446,0,20,Production Technician II,04/20/85,F,Single,US Citizen,No,White,9/29/2014,,N/A-StillEmployed,Active,Production       ,David Stanley,14,LinkedIn,Fully Meets,3.4,4,0,2/21/2019,0,14
"Woodson, Jason",10135,0,0,1,65893,0,20,Production Technician II,05-11-1985,M ,Single,US Citizen,No,White,07-07-2014,,N/A-StillEmployed,Active,Production       ,Kissy Sullivan,20,LinkedIn,Fully Meets,4.07,4,0,2/28/2019,0,13
"Ybarra, Catherine ",10301,0,0,0,48513,1,19,Production Technician I,05-04-1982,F,Single,US Citizen,No,Asian,09-02-2008,9/29/2015,Another position,Voluntarily Terminated,Production       ,Brannon Miller,12,Google Search,PIP,3.2,2,0,09-02-2015,5,4
"Zamora, Jennifer",10010,0,0,0,220450,0,6,CIO,08/30/79,F,Single,US Citizen,No,White,04-10-2010,,N/A-StillEmployed,Active,IT/IS,Janet King,2,Employee Referral,Exceeds,4.6,5,6,2/21/2019,0,16
"Zhou, Julia",10043,0,0,0,89292,0,9,Data Analyst,02/24/79,F,Single,US Citizen,No,White,3/30/2015,,N/A-StillEmployed,Active,IT/IS,Simon Roup,4,Employee Referral,Fully Meets,5,3,5,02-01-2019,0,11
"Zima, Colleen",10271,0,4,0,45046,0,19,Production Technician I,08/17/78,F,Widowed,US Citizen,No,Asian,9/29/2014,,N/A-StillEmployed,Active,Production       ,David Stanley,14,LinkedIn,Fully Meets,4.5,5,0,1/30/2019,0,2
